no,collection,opinion_index,opinion_text,status,label,pdf_url,pdf_file
43,2025年11月回収分,1,"ナースは最低、もっと患者の気持ちになって話をしてほしい。
言葉遣いも悪い最低である、患者の扱いが悪い、あのナースは辞めた方がよい。
けんか腰の話し方である。もう少し優しい言葉で話してほしい。
もっと教育しないとだめである。",OK,「ご意見箱」便 No.43（2025年11月回収分）,https://www.sasayama.hyo-med.ac.jp/library/consultation/pdf/opinion43.pdf,C:\Users\harmo\my_project\sasayama\opinionbox_export\pdfs\opinion43.pdf
42,2025年8月回収分,1,"人生初の入院でいろいろ心配でしたが、皆親切で助かりました。
入院した直後は高熱でよく分かりませんでしたが、点滴を落とすための
装置？のブザーを20～30分に1回は鳴らしてしまい、その度に来ていただき
いつも親切に対応してくれました。
後に考えた時、これ、夜中にずっとしてくれたのかと思うと本当に頭が
下がります。
1年後？〇〇病院になると、ここの看護師さんが減るのは？と心配です。
看護師さん、スタッフの皆さん、お身体に気をつけてくださいね。
ありがとうございました。
あと、1発で血を抜いてくださるお姉さん達、ありがとうございました。",OK,「ご意見箱」便 No.42（2025年8月回収分）,https://www.sasayama.hyo-med.ac.jp/library/consultation/pdf/opinion42.pdf,C:\Users\harmo\my_project\sasayama\opinionbox_export\pdfs\opinion42.pdf
41,2025年6月回収分,1,レーズンロールをつけてほしい。,OK,「ご意見箱」便 No.41（2025年6月回収分）,https://www.sasayama.hyo-med.ac.jp/library/consultation/pdf/opinion41.pdf,C:\Users\harmo\my_project\sasayama\opinionbox_export\pdfs\opinion41.pdf
40,2025年5月回収分,1,Wi-Fiをつけてほしい,OK,「ご意見箱」便 No.40（2025年5月回収分）,https://www.sasayama.hyo-med.ac.jp/library/consultation/pdf/opinion40.pdf,C:\Users\harmo\my_project\sasayama\opinionbox_export\pdfs\opinion40.pdf
39,2025年4月回収分,1,"４階のヘルパーの雑談がうるさく、眠っていて目が覚める
　ほどほどな会話を願う
　患者は治療してるんや",OK,「ご意見箱」便 No.39（2025年4月回収分）,https://www.sasayama.hyo-med.ac.jp/library/consultation/pdf/opinion39.pdf,C:\Users\harmo\my_project\sasayama\opinionbox_export\pdfs\opinion39.pdf
38,2025年3月回収分,,,NEEDS_OCR,「ご意見箱」便 No.38（2025年3月回収分）,https://www.sasayama.hyo-med.ac.jp/library/consultation/pdf/opinion38.pdf,C:\Users\harmo\my_project\sasayama\opinionbox_export\pdfs\opinion38.pdf
37,2024年12月回収分,1,"お風呂が寒いとの声をよく聞きます。なんとかならないものでしょうか。
　元気な方は湯につかれますが、つかる事のできない人もいます。
　とても寒いそうです。そんな声をよく聞きます。
　暖房は効いてるようですが、自由のきかない人達は今の暖房だけではとても寒
　いようです。
　カーテンなどの仕切りなどで寒さ対策をしていただけないものでしょうか。
　早めにお願いしたいです。",OK,「ご意見箱」便 No.37（2024年12月回収分）,https://www.sasayama.hyo-med.ac.jp/library/consultation/pdf/opinion37.pdf,C:\Users\harmo\my_project\sasayama\opinionbox_export\pdfs\opinion37.pdf
37,2024年12月回収分,2,"患者さんを大切にしてください。
　入院患者は人間です。もっと大切に扱ってください。（4階）
　おむつを替え終えた後は、パジャマの背中とズボンはきちっと整えて下さい。
　背中はダンゴになっている。ズボンはお尻が半分出ている。（4階）",OK,「ご意見箱」便 No.37（2024年12月回収分）,https://www.sasayama.hyo-med.ac.jp/library/consultation/pdf/opinion37.pdf,C:\Users\harmo\my_project\sasayama\opinionbox_export\pdfs\opinion37.pdf
37,2024年12月回収分,3,"道路走行中、家の出入口あたりで病院の職員の方が自家用ではなく兵庫
　大と書いた車で訪問後に車で出ようとする時、車が来ることも確認せ
　ず一般道路に出ようと当てられそうになった。
　もし当たられるとどう責任してくれるか。賠償責任もとってもらえるか。
　そういう職員をおいているのか…。",OK,「ご意見箱」便 No.37（2024年12月回収分）,https://www.sasayama.hyo-med.ac.jp/library/consultation/pdf/opinion37.pdf,C:\Users\harmo\my_project\sasayama\opinionbox_export\pdfs\opinion37.pdf
36,2024年11月回収分,1,"いつもお世話になっており有難うございます。
　面会者が多数での入室は事情はありますが、2名での面会を許可いただ
　けないでしょうか。検討をお願いします。（10月投函）
　病院へ行く時間より面会時間の方が短いのは、とてもつらいです。
　もう少し時間を長くしていただきたいです。",OK,「ご意見箱」便 No.36（2024年11月回収分）,https://www.sasayama.hyo-med.ac.jp/library/consultation/pdf/opinion36.pdf,C:\Users\harmo\my_project\sasayama\opinionbox_export\pdfs\opinion36.pdf
36,2024年11月回収分,2,"バックグラウンドミュージックに流れている曲について
　冬だというのに「夏も近づく八十八夜～」など季節に合っていない曲
　が流れています。もう少し考えて下さるとうれしいです。
　もしくは季節に関係ない曲を流すとかどうですか。",OK,「ご意見箱」便 No.36（2024年11月回収分）,https://www.sasayama.hyo-med.ac.jp/library/consultation/pdf/opinion36.pdf,C:\Users\harmo\my_project\sasayama\opinionbox_export\pdfs\opinion36.pdf
36,2024年11月回収分,3,"救急で来た時、腰が痛くて動けない患者の付き添いにむかって、担当の
　看護師が「つれて帰って下さい！！」
　「ベッドの準備したいです。」と言ったら「畳に寝かせてください！な
　ぜそれができないのですか！！」と大声で言われ（怒鳴るような声にも
　聞こえました。）怖かったです。
　腰の痛い母を介助するのに畳からでは…
　看護師の言動、態度にささやま医療センターさんを不審に思いました。
　悲しいです。",OK,「ご意見箱」便 No.36（2024年11月回収分）,https://www.sasayama.hyo-med.ac.jp/library/consultation/pdf/opinion36.pdf,C:\Users\harmo\my_project\sasayama\opinionbox_export\pdfs\opinion36.pdf
35,2024年10月回収分,,,NO_OPINION_FOUND,「ご意見箱」便 No.35（2024年10月回収分）,https://www.sasayama.hyo-med.ac.jp/library/consultation/pdf/opinion35.pdf,C:\Users\harmo\my_project\sasayama\opinionbox_export\pdfs\opinion35.pdf
34,2024年8月回収分,1,"病室の冷房が強い。
　冷房に弱い患者もいるので調整できる病室があってもいいと思う。",OK,「ご意見箱」便 No.34（2024年8月回収分）,https://www.sasayama.hyo-med.ac.jp/library/consultation/pdf/opinion34.pdf,C:\Users\harmo\my_project\sasayama\opinionbox_export\pdfs\opinion34.pdf
33,2024年7月回収分②,1,15歳以下の面会の許可をお願いしたいです。,OK,「ご意見箱」便 No.33（2024年7月回収分②）,https://www.sasayama.hyo-med.ac.jp/library/consultation/pdf/opinion33.pdf,C:\Users\harmo\my_project\sasayama\opinionbox_export\pdfs\opinion33.pdf
32,2024年7月回収分,1,"ナースステーションのたいおう、えがお、せいめいがわるい。
　あいさつもなし、たいどがわるい。
　大事なことが出来ていないと思う。
　うけつけがよかってもなにもならない。
　時間外での荷物受け渡しに対して
　高圧的な態度で嫌な気持ちになりました。（看護師）",OK,「ご意見箱」便 No.32（2024年7月回収分）,https://www.sasayama.hyo-med.ac.jp/library/consultation/pdf/opinion32.pdf,C:\Users\harmo\my_project\sasayama\opinionbox_export\pdfs\opinion32.pdf
31,2024年6月回収分,1,"いつもありがとうございます。
　すみませんが、廊下側車いすトイレ（女子）の手洗い場に手洗い石けんを置
　いて下さい。以前、設置されていましたが先週よりありません。
　よろしくお願いします。",OK,「ご意見箱」便 No.31（2024年6月回収分）,https://www.sasayama.hyo-med.ac.jp/library/consultation/pdf/opinion31.pdf,C:\Users\harmo\my_project\sasayama\opinionbox_export\pdfs\opinion31.pdf
30,2024年5月回収分,1,"ネット社会なので病棟内でつかえるWi-Fiをお願いしたいです（有料でもOK）
　トレーニングマシンを土日もつかえるようにお願いしたいです。",OK,「ご意見箱」便 No.30（2024年5月回収分）,https://www.sasayama.hyo-med.ac.jp/library/consultation/pdf/opinion30.pdf,C:\Users\harmo\my_project\sasayama\opinionbox_export\pdfs\opinion30.pdf
29,2024年4月回収分,1,入院患者さんへの散髪のサービス（有料）をおねがいしたいです。,OK,「ご意見箱」便 No.29（2024年4月回収分）,https://www.sasayama.hyo-med.ac.jp/library/consultation/pdf/opinion29.pdf,C:\Users\harmo\my_project\sasayama\opinionbox_export\pdfs\opinion29.pdf
28,2024年2月回収分,1,部屋、天井、空調 くもの巣が張っている。清掃宜しくお願いします。（4階病棟 病室）,OK,「ご意見箱」便 No.28（2024年2月回収分）,https://www.sasayama.hyo-med.ac.jp/library/consultation/pdf/opinion28.pdf,C:\Users\harmo\my_project\sasayama\opinionbox_export\pdfs\opinion28.pdf
28,2024年2月回収分,2,"ナースステーションの働く人達の為に、呼び出しコールの音、頭に突き刺さるようで仕事を
　帰宅しても、音が脳裏からはなれないのでは？
　改善できるようであれば良いのではないでしょうか。",OK,「ご意見箱」便 No.28（2024年2月回収分）,https://www.sasayama.hyo-med.ac.jp/library/consultation/pdf/opinion28.pdf,C:\Users\harmo\my_project\sasayama\opinionbox_export\pdfs\opinion28.pdf
28,2024年2月回収分,3,家族に退院時間等ちゃんと伝えてもらいたい。本人が高齢者だと忘れるので。,OK,「ご意見箱」便 No.28（2024年2月回収分）,https://www.sasayama.hyo-med.ac.jp/library/consultation/pdf/opinion28.pdf,C:\Users\harmo\my_project\sasayama\opinionbox_export\pdfs\opinion28.pdf
27,2023年12月回収分,1,"産婦人科についてです。
　以前より気になっていたのですが、待合の所は静かで診察室の声がよく聞こえます。
　内容がはっきり聞き取れる程ではありませんが、夫婦で先生と楽しそうに話している
　声、深刻な声、聞こえてきます。
　産婦人科は特にデリケートな問題を抱えて来られている方も多いと思います。
　受付室の後ろ側の戸を閉めるだけでも少し対策できるかと思います。
　何か考えていただければ幸いです。",OK,「ご意見箱」便 No.27（2023年12月回収分）,https://www.sasayama.hyo-med.ac.jp/library/consultation/pdf/opinion27.pdf,C:\Users\harmo\my_project\sasayama\opinionbox_export\pdfs\opinion27.pdf
26,"2023年9,10月回収分",1,"この病院では、病室での電話は問題ないのでしょうか。
　4階病棟（総室）でも2階病棟（総室）でも電話を病室でかけておられました。",OK,"「ご意見箱」便 No.26（2023年9,10月回収分）",https://www.sasayama.hyo-med.ac.jp/library/consultation/pdf/opinion26.pdf,C:\Users\harmo\my_project\sasayama\opinionbox_export\pdfs\opinion26.pdf
26,"2023年9,10月回収分",2,朝食のごはんがとてもかたかったです。,OK,"「ご意見箱」便 No.26（2023年9,10月回収分）",https://www.sasayama.hyo-med.ac.jp/library/consultation/pdf/opinion26.pdf,C:\Users\harmo\my_project\sasayama\opinionbox_export\pdfs\opinion26.pdf
25,"2023年7,8月回収分",1,"面会できるのはありがたいです。
　が、6時までと土・日曜日の面会までゆるめてもらうとうれしいです。",OK,"「ご意見箱」便 No.25（2023年7,8月回収分）",https://www.sasayama.hyo-med.ac.jp/library/consultation/pdf/opinion25.pdf,C:\Users\harmo\my_project\sasayama\opinionbox_export\pdfs\opinion25.pdf
25,"2023年7,8月回収分",2,"ベンダーに水が売り切れ。2台とも。
　夏場に水が売り切れはよくない。
　他のアイテムを減らし水を入れるべき。（水は価格が低いが）",OK,"「ご意見箱」便 No.25（2023年7,8月回収分）",https://www.sasayama.hyo-med.ac.jp/library/consultation/pdf/opinion25.pdf,C:\Users\harmo\my_project\sasayama\opinionbox_export\pdfs\opinion25.pdf
24,2023年6月回収分,1,"「担当のAです。」と笑顔であいさつして頂きました。
　入院が長引いていて「入院生活大丈夫か…」と心配していたので、とても安心することが
　できました。嬉しかったです。ありがとうございました。
　お仕事大変でしょうが、お身体に気を付けて…",OK,「ご意見箱」便 No.24（2023年6月回収分）,https://www.sasayama.hyo-med.ac.jp/library/consultation/pdf/opinion24.pdf,C:\Users\harmo\my_project\sasayama\opinionbox_export\pdfs\opinion24.pdf
23,2023年5月回収分,1,"いつもお世話になってありがとうございます。
　面会させて頂けるのは、本当にありがたいです。
　15分は短いです。本人がトイレに行くともう終わってしまいます。
　これから少しでも時間が伸びたら本当に嬉しいのですが。
　本人も帰らないでと言いますし、さみしいです。徐々に考えて頂きたいと願います。",OK,「ご意見箱」便 No.23（2023年5月回収分）,https://www.sasayama.hyo-med.ac.jp/library/consultation/pdf/opinion23.pdf,C:\Users\harmo\my_project\sasayama\opinionbox_export\pdfs\opinion23.pdf
22,2021年6月～回収分,1,"「ご意見箱」の設置以来、皆さまからは数々のご意見をいただいております。
お寄せいただいたご意見のうち、一部でございますが、次のとおり回答させていた
だきます。
（ご意見）
いつも医療センターにお世話になってありがたく思っています。それだけにもっと良
くなってほしいという思いもあり、ご意見させていただきます。
6 月2 日に受診があり、採血室前で順番を待っている時の事です。看護師が患者さん
の名前を確認、また同姓であれば誕生日まで確認することは充分理解し、よくやって
おられると感心しています。私自身の事ではないのですが、高齢の方の確認で、難聴
であれば、お互いが大きな声になるのも分かります。
ただ、もしも悪い人がいたら、名前と誕生日をメモにして、悪用することになりかね
ないのではと思いました。余計なお世話かもしれませんが、何か策を講じていただけ
ることはないでしょうか。
ご検討をお願い致します。
2
（回答）
～検査室～
貴重なご意見を頂きありがとうございます。当センターでは医療安全スタンダードマ
ニュアルに従って患者誤認防止対策に取り組んでおり、特に採血等各検査業務におけ
る患者誤認はその結果が重大な事故につながるため遵守を徹底するようにしており
ます。同姓同名の方も多く、生年月日の確認は欠かせない為、何卒ご理解いただきた
く存じます。
しかし頂いたご意見は、個人情報保護の観点から配慮すべき重要な事柄でありますの
で、今後採血ブース内では、声量に配慮しなるべく耳元で御本人確認をさせていただ
く等、注意して参ります。ご理解の程宜しくお願い致します。
～放射線室～
放射線室での対応としては、「患者誤認事故防止スタンダードマニュアル」に則り、
診察券とお名前、生年月日で患者誤認がないよう確認しております。
ご高齢の方もが多く、地域柄同姓の方も多いため、診察券の確認では、鞄の中に診察
券をしまい込みすぐに見つからないことも多く、また、家族の診察券を出す方もおら
れるため、名前と生年月日を名乗っていただいているのが現状です。今後は、検査室
入室後に名前と生年月日を名乗っていただくよう周知いたします。その他の対応とし
て、お名前での呼び出しを避けるよう依頼があった場合は、番号でお呼び出しするな
どしています。
気にされる方は事前にお知らせいただければ対応いたします。
現在、検討中の事柄については、関係部署により調整を行っています。
担当：患者及び利用者サービス向上推進委員会",OK,「ご意見箱」便 No.22（2021年6月～回収分）,https://www.sasayama.hyo-med.ac.jp/library/consultation/pdf/opinion22.pdf,C:\Users\harmo\my_project\sasayama\opinionbox_export\pdfs\opinion22.pdf
21,2020年7月～回収分,1,"「ご意見箱」の設置以来、皆さまからは数々のご意見をいただいており
ます。
お寄せいただいたご意見のうち、一部でございますが、次のとおり回
答させていただきます。
（ご意見）
昨今、スマートフォンが主流になってきているので、休憩ルームには充
電対応（コンセントなど）を充実してほしい。
2
（回答）
貴重なご意見ありがとうございます。
いただいたご意見は今後、検討させていただきます。
現在、検討中の事柄については、関係部署により調整を行っています。
担当：患者及び利用者サービス向上推進委員会",OK,「ご意見箱」便 No.21（2020年7月～回収分）,https://www.sasayama.hyo-med.ac.jp/library/consultation/pdf/opinion21.pdf,C:\Users\harmo\my_project\sasayama\opinionbox_export\pdfs\opinion21.pdf
20,2020年7月～回収分,1,"「ご意見箱」の設置以来、皆さまからは数々のご意見をいただいており
ます。
お寄せいただいたご意見のうち、一部でございますが、次のとおり回
答させていただきます。
（ご意見）
時間的にこまごまと注意をされるのに（タイムスケジュールなど）、遅れ
て配布されるものもあります。入院患者に文句を言うのであれば、全て
においてきっちりやってほしい。
2
（回答）
不快な気持ちにさせてしまい申し訳ありません。9：00 までには当日の
予定を案内するようにしています。案内が遅れたことに対して、看護師
が患者さんに苦言を呈するのは間違いであり、今後このようなことがな
いよう注意いたします。
現在、検討中の事柄については、関係部署により調整を行っています。
担当：患者及び利用者サービス向上推進委員会",OK,「ご意見箱」便 No.20（2020年7月～回収分）,https://www.sasayama.hyo-med.ac.jp/library/consultation/pdf/opinion20.pdf,C:\Users\harmo\my_project\sasayama\opinionbox_export\pdfs\opinion20.pdf
19,2019年11月～回収分,1,"「ご意見箱」の設置以来、皆さまからは数々のご意見をいただいております。
お寄せいただいたご意見のうち、一部でございますが、次のとおり回答させ
ていただきます。
（ご意見）
現在、退院に向けてリハビリ中です。
今日、農作業実習をして下さいと看護師さんより指示をもらい、小さな畑のあ
るところに行きました。クワをほしいと言った所、クワが壊れて使用不可にな
っていました。以前、壊れえてそのままにしていたようです。スミマセンとの
言葉。農業をされていたら、農作業リハビリをして下さい。また、篠山は農家
の患者さんも多いので、ここでは農作業リハビリも行っていますと説明を受け
ていたのに、実際は道具も整備されていないありさまでした。
結局、作業実習せずに終わりました。予算が無いのでとか言われたが、高いも
のではないので整備して下さい。合う長靴もありませんでした。
2
（回答）
ご迷惑をおかけして、申し訳ございませんでした。道具を点検し、必要な物
品を整備いたします。今後は定期的に点検を行っていきます。
担当：患者及び利用者サービス向上推進委員会",OK,「ご意見箱」便 No.19（2019年11月～回収分）,https://www.sasayama.hyo-med.ac.jp/library/consultation/pdf/opinion19.pdf,C:\Users\harmo\my_project\sasayama\opinionbox_export\pdfs\opinion19.pdf
18,2019年6月～回収分,1,"「ご意見箱」の設置以来、皆さまからは数々のご意見をいただいており
ます。
お寄せいただいたご意見のうち、一部でございますが、次のとおり回
答させていただきます。
（ご意見）
いつもお世話になりありがとうございます。
前日（日曜）夕方気分が悪くなり、初診受付をして3 時間経過していま
す。初診は時間がかかること了承してくださいとのことですが、症状の
比較的落ち着いていても再診の方と違い、とても心配、疲れでこの初診
こそ早く診てもらいたい。次の処置に移って貰いたい思う者です。何と
か一考お願いいたします。
2
（回答）
初診外来待ち時間に関しましては、迷惑をおかけし大変申し分けありま
せん。 8 月となりますが、スムーズな予診と検査までの時間削減よお
び、初診の記録にかかる時間削減を目指し、タブレットによる問診シス
テムの導入を予定しております。皆様のご理解とご協力をお願い致しま
す。
現在、検討中の事柄については、関係部署により調整を行っています。
担当：患者及び利用者サービス向上推進委員会",OK,「ご意見箱」便 No.18（2019年6月～回収分）,https://www.sasayama.hyo-med.ac.jp/library/consultation/pdf/opinion18.pdf,C:\Users\harmo\my_project\sasayama\opinionbox_export\pdfs\opinion18.pdf
17,2019年5月～回収分,1,"「ご意見箱」の設置以来、皆さまからは数々のご意見をいただいており
ます。
お寄せいただいたご意見のうち、一部でございますが、次のとおり回
答させていただきます。
（ご意見）
このような大きな病院なのに、コンビにストアーの品物を買っても、サ
イズ間違いや使用していない物でも返品できないのはおかしいと思いま
す。他の病院のコンビにでは、もっと親切な言葉で対応してくださるの
に、そのような言葉をかけないのはおかしい。ちがうコンビニに入って
ほしいです。早くしまってしまうのもおかしい。
2
（回答）
貴重なご意見ありがとうございます。またこの度はご不快なお気持ちに
させてしまい、大変申し訳ありませんでした。マナーに対しての指導を
徹底するとともに、今後は気持ちよくご利用いただけるよう対応してい
きます。
現在、検討中の事柄については、関係部署により調整を行っています。
担当：患者及び利用者サービス向上推進委員会",OK,「ご意見箱」便 No.17（2019年5月～回収分）,https://www.sasayama.hyo-med.ac.jp/library/consultation/pdf/opinion17.pdf,C:\Users\harmo\my_project\sasayama\opinionbox_export\pdfs\opinion17.pdf
16,2018年10月～回収分,1,"「ご意見箱」の設置以来、皆さまからは数々のご意見をいただいており
ます。
お寄せいただいたご意見のうち、一部でございますが、次のとおり回
答させていただきます。
（ご意見）
入院当日、テレビの音量が気になり、当人に看護師さん通じて注意をし
ていただきましたが、３回目になっても音量は少し小さくなりましたが、
その後改善はなく、今日とうとう私の方から当人に音を小さくしてくだ
さいと申し上げました。
原則的に室内テレビはイヤホンを付ける事になっているはずです。であ
るならば、患者同士のトラブル防止及び室内の良好な環境維持のために
お忙しいかと思いますが徹底の程、宜しくお願い致します。
2
（回答）
ご指摘いただきありがとうございます。直接、お話を承りました当日に
スタッフに指導いたしました。患者さんの入院中の環境調整や病院のル
ールを説明することは看護職員の責任です。見て見ぬふりをするのでは
なく、患者さんの入院中の生活を守るように指導しております。不愉快
な思いをされたことを謝罪いたしますとともに、ご指摘を真摯に受け止
めております。ありがとうございました。
現在、検討中の事柄については、関係部署により調整を行っています。
担当：患者及び利用者サービス向上推進委員会",OK,「ご意見箱」便 No.16（2018年10月～回収分）,https://www.sasayama.hyo-med.ac.jp/library/consultation/pdf/opinion16H3010.pdf,C:\Users\harmo\my_project\sasayama\opinionbox_export\pdfs\opinion16H3010.pdf
15,2018年9月～回収分,,,NEEDS_OCR,「ご意見箱」便 No.15（2018年9月～回収分）,https://www.sasayama.hyo-med.ac.jp/library/consultation/pdf/opinion15H3009.pdf,C:\Users\harmo\my_project\sasayama\opinionbox_export\pdfs\opinion15H3009.pdf
14,2018年8月～回収分,,,NEEDS_OCR,「ご意見箱」便 No.14（2018年8月～回収分）,https://www.sasayama.hyo-med.ac.jp/library/consultation/pdf/opinion14H3008.pdf,C:\Users\harmo\my_project\sasayama\opinionbox_export\pdfs\opinion14H3008.pdf
13,2017年10月～回収分,1,"「ご意見箱」の設置以来、皆さまからは数々のご意見をいただいており
ます。
お寄せいただいたご意見のうち、一部でございますが、次のとおり回
答させていただきます。
（ご意見）
検査の予約をとっているのに、時間になって一階におりたら重症患者を
先に回しているから、もどれと言われました。入院している者も、あが
ったりおりたりはしんどいですよ！！先に入院して予約をとってくれた
ハズなのに、おかしな話です。なら最初から入院患者に予約は必要ない
のではないでしょうか？どうですか？なら紙によび出し電話しますとか
書いておくべきです！
2
（回答）
ご不快な思いをさせてしまい申し訳ございません。
一刻も早く処置が必要な方については優先して検査することがあり、そ
のような場合は病棟に事前に連絡をしておりますが、緊急で連絡が間に
合わない場合がございます。今後、関係部署間の連絡を迅速にできるよ
う注意いたします。ご理解のほどよろしくお願い致します。
（回答）",OK,「ご意見箱」便 No.13（2017年10月～回収分）,https://www.sasayama.hyo-med.ac.jp/library/consultation/pdf/opinion13H2910.pdf,C:\Users\harmo\my_project\sasayama\opinionbox_export\pdfs\opinion13H2910.pdf
12,2017年5月～回収分,1,"「ご意見箱」の設置以来、皆さまからは数々のご意見をいただいており
ます。
お寄せいただいたご意見のうち、一部でございますが、次のとおり回
答させていただきます。
（ご意見）
私は友人の見舞いに３日に１度は参上しております。お会いして、はげ
ますのも治療の一助と思っておりますが、見舞に参上致しましたらいつ
も、リハビリ中だとか、入浴中だとか、すれちがいでお会いすることが
少ないのです。見舞にゆくため、事前に連絡すべきである院内と患者と
電話している者との連絡するための装置を考えて頂きたい。
2
（回答）
当病棟へは、リハビリテーションを目的に入院されています。365 日休
みなく、最低1 日2 時間分割してリハビリが計画されております。その
合間に入浴を行っているため、ご面会にこられたときに病室は留守にさ
れている場合があります。すぐには、連絡する装置を設置することは困
難ですので、17 時には戻られていますので、その時間を利用していただ
ければ幸いです。面会に関しては、申し出て頂ければ、その都度対応は
可能です。
（回答）
患者さんによっては病状が異なるため4 人部屋の設定温度は26 度と
なっております。ドアを閉め、クーラーの利きの効率を上げるよう提案
もさせていただきましたが、嫌がられる患者さんもおられたため調整が
困難でした。ちょうど梅雨の時期で高温多湿の気候と重なり不快な思い
をさせ、申し訳ございませんでした。
（ご意見）
部屋の温度が２６．５℃と高く、湿度は７４％と高くて眠れない。睡眠
不足で食欲がなく、２キロやせました。
3
（回答）
ご不快な思いをさせて申し訳ございませんでした。
温度設定は快適な温度設定を導入しており中央管理になっております
ので病室での調整ができない状況になっています。個人差もありますの
でご了承をお願いします。
特に南側の病床は日中もカーテンを閉めたり、ドアを閉め温度管理を
行うように継続した配慮を行って行きます。
（回答）
貴重なご意見ありがとうございます。
またこの度は不快な思いをさせてしまい大変申し訳ありませんでした。
病棟からの連絡後、早急に対応いたしました。ご不快な思いをさせて申
し訳ございませんでした。
（ご意見）
病室が暑すぎます。余計に体調が悪くなりそうです。至急なんとかして
下さい。
（ご意見）
病室のエアコンにカビがたくさんついているので、掃除をしてほしい。
4
（回答）
①当院は高度先進医療を実施している医療機関ではございません。
②当院は2 次救急医療機関です。3 次救急である兵庫医科大学病院等と連携
して診療を行っております。
③禁煙外来やフレイル・サルコペニア外来等のように専門外来として予約
制で実施している診療はございます。また、内科の中で各専門性を持った医
師が診療の対応をしております。
④リハビリも治療の一環です。ご理解のほどよろしくお願いいたします。
現在、検討中の事柄については、関係部署により調整を行っています。
担当：患者及び利用者サービス向上推進委員会
（ご意見）
①当院は高度先進医療機関ですか？大学附属病院であるので”そうだ”
と云うのですか？
②篠山市の住民の生命を守るための救急にあたって当院は３次救急です
か？準３次ですか？２次ですか？準２次ですかお伺いします。
③治療に当たって専門外来の制度はあるのですか？本心を申し上げます
と、例として内科でも呼吸器内科、循環器内科、消化器内科等の専門科
があり、内科であれば総て治療が可能だと云うのはウソであり、その様
な医療機関は信頼できません。
④本院はリハビリに全力をあげているが、治療に努力してほしい。",OK,「ご意見箱」便 No.12（2017年5月～回収分）,https://www.sasayama.hyo-med.ac.jp/library/consultation/pdf/opinion12H2905.pdf,C:\Users\harmo\my_project\sasayama\opinionbox_export\pdfs\opinion12H2905.pdf
11,2017年4月～回収分,1,"「ご意見箱」の設置以来、皆さまからは数々のご意見をいただいており
ます。
お寄せいただいたご意見のうち、一部でございますが、次のとおり回
答させていただきます。
（ご意見）
ﾘﾊﾋﾞﾘのスケジュールを当日の朝でなく、前日の夕食後に教えて欲しい。
家族やお見舞いに来てもらう人に、面会時間を知らせられる。特に遠方
から来る人に対しては助かります。
（ご意見）
ﾘﾊﾋﾞﾘの時間を前日までに分からないでしょうか？
見舞いに来る方がこまっています。いつ行ってもリハビリとかち合い話
す事ができないから、もう行かないと言って来てくれません。よろしく
お願いします。
2
（回答）
面会に関しては、申し出て頂ければ、その都度対応は可能です。
リハビリの時間のお知らせについては、方法を検討させていただきます。
貴重なご意見、ありがとうございました。
（回答）
院内公衆電話につきましては、当センター契約担当窓口で公衆整理番
号は把握しております。故障の際はお近くのスタッフにお声かけいただ
きましたら、迅速に対応いたします。ご理解の程、宜しくお願いいたし
ます。
トイレの電気につきましては修繕担当者に連絡をし、対応しておりま
す。この度はご迷惑をお掛けしまして誠に申し訳ありませんでした。
（ご意見）
院内公衆電話は修理手配時に特定しやすいよう「公衆整理番号」をはり
つけたほうがいいです。
また１F 男子トイレの広い個室は電気が消えたままで出入りしてもセン
サーが反応しなかった。
また篠山口駅からのバスでのアクセスを関係機関と協力し改善してほし
い。
3
バスのアクセスにつきましては、当センター独自でのアクセスの確保
は困難なことから、篠山市等の行政機関と調整していきたいと考えてお
ります。貴重なご意見、まことにありがとうございました。
現在、検討中の事柄については、関係部署により調整を行っています。
担当：患者及び利用者サービス向上推進委員会",OK,「ご意見箱」便 No.11（2017年4月～回収分）,https://www.sasayama.hyo-med.ac.jp/library/consultation/pdf/opinion11H2904.pdf,C:\Users\harmo\my_project\sasayama\opinionbox_export\pdfs\opinion11H2904.pdf
10,2017年3月～回収分,1,"「ご意見箱」の設置以来、皆さまからは数々のご意見をいただいており
ます。
お寄せいただいたご意見のうち、一部でございますが、次のとおり回
答させていただきます。
（ご意見）
クレジット支払を出来る様お願いしたい。院内を現金を持ち歩くのはど
うか？（入院中など）
（ご意見）
①院内外をとわず、現金を持ち歩くのは防犯上あまりよくないので、カ
ード化をはかっていただきたい。②カード化により、不支払や料金管理
がしやすい。（犯罪防止になる）③お客様、受診者にポイントが付きます。
2
（回答）",OK,「ご意見箱」便 No.10（2017年3月～回収分）,https://www.sasayama.hyo-med.ac.jp/library/consultation/pdf/opinion10H2903.pdf,C:\Users\harmo\my_project\sasayama\opinionbox_export\pdfs\opinion10H2903.pdf
9,2016年10月～回収分,1,"「ご意見箱」の設置以来、皆さまからは数々のご意見をいただいており
ます。
お寄せいただいたご意見のうち、一部でございますが、次のとおり回
答させていただきます。
（回答）
ご意見いただきありがとうございます。
会計カウンターの表示につきましては、開設当初は設置しておらずカウ
ンターに利用者様が横並びになられるため、順番が分からなくなるよう
（ご意見）
会計カウンターの件
現在カウンター上に大きなプラスチック製の表示板を置いていますが、
患者と事務所とに大きな”かべ”を感じます。表示板を上から下げるな
ど工夫してもっと広くオープンなカウンターの実現を希望します。
2
な状況が発生しました。職員の人数も限られているため、きちんと順番
に対応させていただけるようカウンターを限定しておりますので、ご理
解のほどよろしくお願い申し上げます。
現在、検討中の事柄については、関係部署により調整を行っています。
担当：患者及び利用者サービス向上推進委員会",OK,「ご意見箱」便 No.9（2016年10月～回収分）,https://www.sasayama.hyo-med.ac.jp/library/consultation/pdf/opinion9H2810.pdf,C:\Users\harmo\my_project\sasayama\opinionbox_export\pdfs\opinion9H2810.pdf
8,2016年4月～回収分,1,"「ご意見箱」の設置以来、皆さまからは数々のご意見をいただいており
ます。
お寄せいただいたご意見のうち、一部でございますが、次のとおり回
答させていただきます。
（回答）
ご不快な思いをさせてしまい申し訳ございません。
今後このようなことがないよう注意いたします。
（ご意見）
産婦人科の年配の看護師の対応が悪い。
妊婦だけが患者のように思っているのではないか。
検査の説明不足（内診の準備）
人をばかにしたような感じ。
2
（回答）
ご不快な思いをさせてしまい申し訳ございません。
今回のご指摘を現場に周知し、患者さんが気持ちよく受診いただけるよ
う注意いたします。
（ご意見）
初診だったのに受付対応悪いし、他の人の対応あいさつなかった。看護師
さんはよかったのに残念だなぁと思った。リハビリの対応は普通で患者が
気をつかうようでは？笑顔がなかったかな？私が思うのは、昔から仕事の
時とかわらないかも？１つ、それがよみがえった？昔から対応悪かったけ
ど？整形外科でレーザーをあててもらっています。器具を使用するにあた
り、眼鏡ふき、アルコール綿があれば、より気持ちよく使用させてもらえ
るのですが。
3
（回答）
ご迷惑をおかけし申し訳ございません。
検査の中には結果が遅いものもあるため、検査結果をお伝えする期日に
ついては注意して案内するようにいたします。また、入院中に結果報告
ができない場合、退院後の外来受診時に結果報告いたしますのでご了承
ください。
現在、検討中の事柄については、関係部署により調整を行っています。
担当：患者及び利用者サービス向上推進委員会
（ご意見）
小児科で検査すると言われ、同意書のような書類を書いた。２日程で結
果が出ると言われたが、いまだ回答は無し。そちらの先生は他人事の様
に考えているのか、まじめに仕事に取組んでいるのかどうか私からした
ら到底その様には思えない。反省し、すぐに対応するようにしてほしい。
約束した期日に解答できないようなら、もう少し日がかかると説明して
ほしい。",OK,「ご意見箱」便 No.8（2016年4月～回収分）,https://www.sasayama.hyo-med.ac.jp/library/consultation/pdf/opinion8H2804.pdf,C:\Users\harmo\my_project\sasayama\opinionbox_export\pdfs\opinion8H2804.pdf
7,2015年4月～回収分,1,"「ご意見箱」の設置以来、皆さまからは数々のご意見をいただいており
ます。
お寄せいただいたご意見のうち、一部でございますが、次のとおり回
答させていただきます。
（回答）
便座除菌クリーナーを設置し、手洗いの水圧についても対応させていた
だきました。
ご指摘いただきありがとうございました。
（ご意見）
３階東病棟の公衆電話の隣のトイレに便座除菌クリーナーがないです。
３１３号室の隣の車イス用トイレの手洗いの水の出が悪いです。
2
（回答）
ご意見いただきありがとうございます。
眼鏡ふき、アルコール綿を設置させていただきましたのでご利用くださ
い。今までご不便をおかけしましたこと、お詫び申し上げます。
（回答）
ご指摘いただきありがとうございます。
当院では検査室での超音波検査も実施しておりますが、患者さんの状態
によっては移動が困難であり、診察室での超音波検査を実施することが
ございます。ご迷惑をおかけいたしますが、ご理解のほどよろしくお願
いいたします。
（ご意見）
整形外科でレーザーをあててもらっています。器具を使用するにあたり、
眼鏡ふき、アルコール綿があれば、より気持ちよく使用させてもらえるの
ですが。
（ご意見）
診察室でなぜエコーをするのか、検査室はないのか。待ち時間が長い。
3
（回答）
ご意見いただきありがとうございます。
１階売店前の車イス用トイレの中にベビーシート（おむつ交換用）が設
置されています。今まで周知ができていなかったため、トイレのドアに
ポスターを掲示させていただきましたのでご利用ください。
（回答）
近隣民家の方のプライバシーを守るためにフィルムを貼付しております
のではがすことはできません。ご理解のほどよろしくお願いいたします。
（ご意見）
トイレにおむつ交換のベッドを設置してほしい。
（ご意見）
私は今日からデイルームでお食事を頂くことになりました。窓の一番下
のギザギザをはずして頂けないでしょうか。村の人の姿が見えないので
す。うらやましいのか、不思議な気分ですが見たく思います。
4
（回答）
ご指摘いただきありがとうございます。
病室の清掃につきまして、家族が面会されている場合は面会の方が帰ら
れてから清掃させていただくようにしております。
（回答）
ご迷惑をおかけし申し訳ございません。
隅々まで清掃を徹底するよう注意いたします。ご指摘いただきありがと
うございました。
（ご意見）
病室の掃除が気になります。病室に家族がいてもきちんと掃除してくれ
る人、また、遠慮してされない人があります。できれば家族がいても掃
除をしていただきたいです。
（ご意見）
掃除の方もう少し四角四面のところとベッドのあいている所ごみがたく
さんあります。
5
（回答）
ご指摘いただきありがとうございます。
診療内容により請求書の作成に要する時間が異なり、順番どおりにお
会計をお声掛けすることができない場合がございます。ご迷惑をおか
けいたしますが、ご理解のほどよろしくお願いいたします。
以上
現在、検討中の事柄については、関係部署により調整を行っています。
担当：患者及び利用者サービス向上推進委員会
（ご意見）
会計伝票を置いた順番どおりに呼ばれない場合があります。ちゃんと確
認して順番で呼んでほしいです。",OK,「ご意見箱」便 No.7（2015年4月～回収分）,https://www.sasayama.hyo-med.ac.jp/library/consultation/pdf/opinion7H2704.pdf,C:\Users\harmo\my_project\sasayama\opinionbox_export\pdfs\opinion7H2704.pdf
6,2014年7月～回収分,1,"「ご意見箱」の設置以来、皆さまからは数々のご意見をいただいており
ます。
お寄せいただいたご意見のうち、一部でございますが、次のとおり回
答させていただきます。
（回答）
ご不便をおかけしております。現在、篠山郵便局とポストの設置場所を
正面玄関前に設置する方向で検討しておりますが、土地所有者が篠山市
であるので、市の了解が必要となります。篠山市が了承となれば、郵便
局主導のもと設置場所変更となりますが、ある程度時間を要することと
なりますので、今しばらくお待ちいただきますよう、よろしくお願いい
たします。
（ご意見）
郵便ポストを病院前に作ってほしいです。
2
（回答）
ご指摘ありがとうございます。8 月から患者さんの安全の為に診察券に
よるご本人確認を実施しております。診察券を出しにくい場合はカード
入れも準備しております。お声かけ頂ければご用意いたします。ご迷惑
をお掛けしますが、安全の為のご本人の確認は今後も継続いたします。
ご理解、ご協力よろしくお願いいたします。
（回答）
お褒めの言葉をいただき、ありがとうございます。今後とも、患者さん
に喜ばれるイベントを企画できますよう努力してまいります。
（ご意見）
診察券をカルテに差し込む形で預かっててほしい。いちいち手元から出し
て見せるのは面倒です。
（ご意見）
いつもお世話になっております。今日8 月7 日七夕祭りのイベントに参
加させて頂いて、本当にありがたかったです。心が洗われました。昔懐
かしい歌や踊りを見せて頂いてありがとうございました。私も早く元気
になるよう頑張ります。ありがとうございました。
3
（回答）
撮影する内容によっては薄着になっていただく事は必要ですので、ご理
解いただきたく思います。また、検査着は各部屋に用意してあります。
肌着ではなく検査着に着替えていただくことは可能ですので、ご希望の
場合はお申し出ください。できる限り検査に支障なく、かつ患者さんが
恥ずかしい思いをしない様、配慮していきたいと思います。
（回答）",OK,「ご意見箱」便 No.6（2014年7月～回収分）,https://www.sasayama.hyo-med.ac.jp/library/consultation/pdf/opinion6H2610.pdf,C:\Users\harmo\my_project\sasayama\opinionbox_export\pdfs\opinion6H2610.pdf
5,2014年4月～回収分,1,"「ご意見箱」の設置以来、皆さまからは数々のご意見をいただいており
ます。
お寄せいただいたご意見のうち、一部でございますが、次のとおり回
答させていただきます。
（回答）
ご不便な思いをさせてしまい申し訳ございませんでした。現在、予約な
しの患者さんはすぐに担当の医師の診療科に案内させていただいており
ます。この件については他にも多数のご意見ご指摘を頂いており、待ち
時間の削減に努めております。ご理解のほどよろしくお願いします。
（ご意見）
お世話になります。いつも思うのですが、担当の先生の日に予約なしで
来る時があります。その旨を予約なしの所でもＡの受付でも言いますが、
常に5 番で待つように…との事、何故？担当の先生の所にカルテを出し
てもらった方が早く診察を受けられるし、患者にとって負担が少ないの
では？これが常に不満に感じているところです。
2
（回答）
雪や雨が降った後、ベンチに水が溜まっている場合は、当方でベンチを
傾け、水を流した後に、タオル等で拭き取るようにいたしました。
（回答）
職員による規定外スペースの駐車については、定期的に注意喚起を実施
し、周知徹底を行っております。実態調査につきましては、期間を決め
て駐車場を巡回し、注意喚起の効果の有無を調べるとともに、当該職員
には改めて注意喚起を行います。
（ご意見）
いつもご苦労様です。今朝雪が降ったのか、バス待合所のイス8 個とも
雪どけ水がたまり、11 時でも満水です。お尻の部分に穴をあけて水を流
すようにされたら良いと思います。
（ご意見）
朝、老健・病院職員が、規定外の所に駐車しているのをよく見ます。
一度調べられてはいかがでしょうか。いつも同じナンバーと思われます。
3
（回答）
投函用ポスト（郵便ポスト）につきましては、現在、所轄の郵便局にポ
ストの設置についての依頼をしています。医療センター内には、敷地南
端の出入口付近にポストが設置されていますが、利用者が少ないとのこ
とで、郵便局で現在ポストの移転を検討されています。移転場所につい
ての打合せに当センター側も参加できるかどうかは未定ですが、参加で
きるのであれば、設置場所について篠山市との協議の上で、利用しやす
い場所への移転を要望していきたいと存じます。
（回答）
現在、自動販売機管理業者と調整中です。近日中にペットボトルの自動
販売機を設置できるよう努めてまいります。
（ご意見）
ジュースの種類をもっと増やしてほしいです。ペットボトルもあれば助
かる。お茶もあれば助かる。
（ご意見）
投函用ポストがあればうれしいです。長期入院の方もあるでしょうし、
1 つ置いていただければありがたいです。
4
（回答）
お褒めの言葉をいただき、ありがとうございます。職員一同とても嬉し
く思い、励みになっております。今後も患者さんからこのような声をい
ただけるよう、サービスの向上や質の高い医療の提供に努力してまいり
ます。
（回答）
お褒めの言葉をいただき、ありがとうございます。今後とも、患者さん
に喜ばれるお食事が提供できますよう努力してまいります。
（ご意見）
お世話になっています。食事美味しくいただきました。温かいものは温か
く、冷たいものは冷たく、味も良く感謝しています。
（ご意見）
私は、手の平の手術の為、ペンがまだ持てませんので、汚い字になり申し
訳ございません。今日で入院生活一週間ですが、先生方はじめ、スタッフ
の皆様、どなたも大変に優しく、とても嬉しく快適に過ごさせていただい
ております。お食事もとても美味しいです。ただ、私は食べることが遅く、
いつもお片づけの方に申し訳なく思っておりますが、「ごゆっくりどうぞ」
と言って下さり、そして分量が多くいつも残してしまいますので、申し訳
ございません。
5
（回答）
お褒めの言葉をいただき、ありがとうございます。担当の看護師に伝え
させていただきました。今後も患者さんからこのような声をいただける
よう、職員一同努力してまいります。
以上
現在、検討中の事柄については、関係部署により調整を行っています。
担当：患者及び利用者サービス向上推進委員会
（ご意見）
骨折で入院しました。だんだんと主治医、看護師さんのおかげで元気に
なりました。本当にありがとうございます。毎日、直接私たちに触れて
くれるのは看護師さん、助手さん、リネンの方ありがとうございます。
1 番心に残っている事は、名前を出させていただきます。看護師さんの
●●さん、私の事を本当に心から心配してくれ、看護して下さいました。
●●さんには私も心から感謝しております。良い方に会えて幸せでし
た。色々とお世話になりました！ありがとうございます。",OK,「ご意見箱」便 No.5（2014年4月～回収分）,https://www.sasayama.hyo-med.ac.jp/library/consultation/pdf/opinion5H2607.pdf,C:\Users\harmo\my_project\sasayama\opinionbox_export\pdfs\opinion5H2607.pdf
4,2013年11月～回収分,1,"「ご意見箱」の設置以来、皆さまからは数々のご意見をいただいており
ます。
お寄せいただいたご意見のうち、一部でございますが、次のとおり回
答させていただきます。
（回答）
ご不便をおかけして申し訳ございませんでした。採血室のスクリーンに
つきましては、患者さんのプライバシーの保護を目的として実施してお
ります。今後もご不便をおかけするかも知れませんが、ご協力お願いい
たします。ご意見ありがとうございました。
（ご意見）
採血室（採血を行っている所）一人ひとり採血ごとに目隠しを上げたり
下げたりしていますが、仕事の効率が悪い様に思われます。個人差があ
ろうかと思いますが、順番待ちしている者として、目障りでもありうっ
とおしく思います。目隠しを取り外しては如何でしょう。
（その他同意見あり）
2
（回答）
長時間お待たせしてご不便をおかけしました。また、不愉快な思いをさ
せて申し訳ございませんでした。定期的に待ち時間調査を実施し、検討
しております。予約票の時間は診察時間の目安となっています。同じ時
間に４名程度の患者さんの予約を入れております。ご家族の送迎の都合
や、公共交通機関の利用により来院時間に制約のある方はお申し出くだ
さい。出来る限りの配慮をさせていただきます。今後もご協力よろしく
お願いします。
（ご意見）
予約時間に来てもいつも１時間以上待ちます。予約時間の設定を考えて
ください。改善を期待しています。
（ご意見）
小児外来のスタッフの中に、診察待ちの子供に対し「静かにしろ」と言
う人がいます。体調が悪い子供におもちゃで遊ばせることもできない状
況で、静かにさせるのは難しいです。気持ちはわかりますが…患者に対
して親切なスタッフさんがたくさんいるのに、そういう人がいると全体
のイメージダウンとなり残念です。
3
（回答）
小児科のスタッフの言動に不適切な対応がありましたことをお詫び申し
上げます。どのような状況だったかは判断しかねますが、お子さんに対
しての声掛けについては不愉快な思いをされたのではないかと考え、今
後はこのようなことがないように引き続き適切な対応が出来るよう指導
を行ってまいります。ご指摘ありがとうございました。
（回答）
看護師の不適切な対応がありましたことをお詫びいたします。電話での
対応の内容がどのような状況であったかは判断しかねますが、患者さん
の気持ちに寄り添えるような返答ができなかったのではないかと考えて
おります。今後はこのように感じられることがないようにいたします。
ご指摘ありがとうございました。
（ご意見）
内科外来の外線電話応対がひどすぎます。もう少し患者の気持ちに寄り
添った受け答えをお願いしたいです。大変、悲しい気持ちが残りました。
よろしくお願いします。
4
（回答）
看護師の言葉使いについて不愉快な思いをさせてしまい申し訳ございま
せん。看護職員に対する指導教育が不十分であったと反省しています。
今後このようなことがないように、引き続き適切な対応が出来るよう指
導を行ってまいります。ご指摘ありがとうございました。
（回答）
ご迷惑をおかけしております。身障者用の駐車場につきましては、車い
すの乗降のためのスペースを確保するため、中に寄せて駐車できない事
情があります。車を中に寄せることをご来院者にお願いすることは、身
障者用駐車スペースとしての機能を失わせることになりますので、でき
かねます。大変申し訳ございませんが、ご理解の程お願いいたします。
（ご意見）
ナースの言葉使いがキツイ！家族が見舞いに来て患者も心配しているの
に…（その家族の気持ちが理解されていないのかな）もう少し優しい心
遣いがほしいですよ。
（ご意見）
駐車場（身障者用の所）もう少し下の白線を無視して中によせて停めても
らえる様に、何回も言っていますが、お願い致します！
5
（回答）
ご指摘についてスタッフに周知し、今後は、皆様に気持ち良くリハビ
リに取り組んで頂けるような環境を心がけて参ります。ご指摘ありが
とうございました。
（ご意見）
私はリハビリにお世話になっています。親身になって頂き、こちらが申し
訳なく思う次第です。リハビリのセラピストの先生には、とても感謝して
おります。ただひとつ残念なのは、皆さん、挨拶をされない事。担当の先
生と患者さんは、リハビリの始まりに挨拶はしますが、担当以外の先生と
患者は目が合っていてもほとんど挨拶されないのが通常です。皆さんつら
いリハビリを頑張ろうという始まりなので、気持ちよく挨拶をしてはいか
がでしょうか！？レベルの高いリハビリだからこそ、とても残念に思いま
す。お互い気持ちよく挨拶をして、明るくリハビリに取り組めたらなと思
い、書かせて頂きました。
6
（回答）
ご意見いただきありがとうございます。時計につきましては、先日、
アナログ式防水用時計を各フロアーの浴室、シャワー室に設置させて
いただきましたのでご利用ください。今までご不便をおかけしました
こと、お詫び申し上げます。
（ご意見）
北側駐車場の縦列駐車のラインを引く必要がある。横列駐車だけでは不
足であり、縦列は、行儀良く駐車しないでスペースを占めるものが多い。
又は運転が苦手な者もいるので、縦列のラインが必要である。現実に家
族の送迎に支障がある。
（ご意見）
お風呂場に時計を。高価なものは必要ありません。1 人30 分、頭を洗っ
た時、どれ位時間過ぎているかわからず、ドライヤーは部屋でするよう
にしています。前の方がずれ込んで終わられた時、そして後がつかえて
いる時など、後の方にご迷惑をおかけしない様にするのに時計があれば
なぁと思いました。ご検討ください。
（その他同意見あり）
7
（回答）
ご迷惑をおかけしております。北側駐車場につきましては、篠山市よ
りお借りしている事情もあり、所有者である篠山市との協議が必要と
なります。実現に向けては、篠山市担当部署と費用面等について話し
合う必要があり、結論が出るまでには、ある程度時間を要する事とな
ります。ご不便をおかけしますが、何卒ご了解くださいますよう、お
願いいたします。
（回答）
ご不便をおかけしており、誠に申し訳ございません。ＡＴＭの設置に
つきましては、保安面、費用面等で運用が可能かどうか検討させてい
ただきたく思いますが、すぐには対応できかねますので、ご了承いた
だきたくお願い申し上げます。
（ご意見）
病院内に銀行、郵便局のＡＴＭの設置を希望する。年を重ねると入院及
び通院の回数が増えてくる。その都度大金を持ち歩くのは危険を伴う。
是非、検討をお願いしたい。金融機関も賛同するのでは。
8
（回答）
貴重な御意見をいただき、ありがとうございます。 1 日の栄養量に配
慮したお食事を提供しておりますが、朝食のボリュームが少ないと感
じさせてしまい申し訳ありませんでした。給食受託会社と献立の検討
を行い、今後も喜んでいただけるお食事の提供に努めてまいります。
また、主食に関しましては、自動的にパン食・ごはん食を交互に提供
することは、多くの患者さんのお食事をご準備していることもあり、
困難な状況でございます。
お手数かもしれませんが、主食の変更をお声かけ頂きましたら、その
都度対応いたしますので、お気軽にお声かけいただければ幸いでござ
います。
以上
現在、検討中の事柄については、関係部署により調整を行っています。
担当：患者及び利用者サービス向上推進委員会
（ご意見）
朝食のボリュームが昼夜と比べ、極端に少ない。米を希望すると米飯、
パンを希望するとパンばかり続くので、少し飽きてくる。可能なら両方
を交互に、という選択肢もあると良いと思う。",OK,「ご意見箱」便 No.4（2013年11月～回収分）,https://www.sasayama.hyo-med.ac.jp/library/consultation/pdf/opinion4H2603.pdf,C:\Users\harmo\my_project\sasayama\opinionbox_export\pdfs\opinion4H2603.pdf
3,2013年8月～回収分,1,"「ご意見箱」の設置以来、皆さまからは数々のご意見をいただいており
ます。
お寄せいただいたご意見のうち、一部でございますが、次のとおり回
答させていただきます。
（回答）",OK,「ご意見箱」便 No.3（2013年8月～回収分）,https://www.sasayama.hyo-med.ac.jp/library/consultation/pdf/opinion3H2508.pdf,C:\Users\harmo\my_project\sasayama\opinionbox_export\pdfs\opinion3H2508.pdf
2,"2013年5,6月回収分",1,"「ご意見箱」の設置以来、皆さまからは数々のご意見をいただいており
ます。
お寄せいただいたご意見のうち、一部でございますが、次のとおり回
答させていただきます。
（回答）",OK,"「ご意見箱」便 No.2（2013年5,6月回収分）",https://www.sasayama.hyo-med.ac.jp/library/consultation/pdf/opinion2H2505.pdf,C:\Users\harmo\my_project\sasayama\opinionbox_export\pdfs\opinion2H2505.pdf
1,2013年4月回収分,1,"「ご意見箱」の設置以来、皆さまからは数々のご意見をいただいております。
お寄せいただいたご意見のうち、一部でございますが、次のとおり回答させていただ
きます。
・朝食がパンの場合、トーストがあれば嬉しいです。授乳後（夜中）お腹が空くので夜
ご飯に夜中でも食べれる軽食を出していただけないでしょうか？それが出来ないので
あれば、朝ごはんもボリュームを出してください。
（回答）妊産婦食につきましては、産前産後の日本人の食事摂取基準に基づいた栄養量
の献立を提供しております。食事量に不足を感じられる場合に対し、夜食に相当する食
事の対応ができないか検討させていただきたいと思います。
・お味噌汁のダシはもうちょっとしっかり取ってほしい（大昔の味）否、味がない。副
食の品が、辛い時と薄い時と差がはげしい。
（回答）和風料理には昆布とかつお節のだし汁を使用しておりますが、よりだしの風味
が活かせるよう調理に工夫してまいります。
・窓の目隠しは必要ないんじゃ、外に出られない患者は屋外が十分見られない。
（回答）病院開設時に地域住民さまから生活が脅かされるのではないかという意見があ
り、話し合った結果の措置です。屋外が見られないというご意見ではございますが、現
状をご理解いただければと存じます。
・トイレの防音装置はできないのか？
（回答）申し訳ありませんが、水を流してご利用いただけたらと考えます。
・デイルームにテレビも新聞も何もなく、下の売店まで行けなかったので、せめてデイ
ルームに神戸新聞1 部でも置いて頂けると嬉しいのですが…。
（回答）テレビは視聴の好みがあり、個別の部屋対応でお願いしています。新聞につい
ても同様に好みがあるのと、誰でも触ることについて、病院という環境からふさわしく
ないと考え、患者さん等が集まる場所には置いておりません。売店での個別購入をお願
いします。
・総合受付の看護助手（ピンクの制服）の対応が悪い。親切に優しく対応をしてくださ
い。
（回答）看護職員の対応について不愉快な思いをさせてしまい、申し訳ございません
でした。看護職員に対する指導教育が不十分であったと反省しています。
今後はこのような事がないように引き続き適切な対応が出来るよう指導を行ってまい
ります。ご指摘ありがとうございます。
2
・こんな仕事をしているのに、無神経なスタッフが多い（ドクターを含めて）くしゃみ
を連発しつつ病室に入ってくる。咳をしてても平気で出勤する。
（回答）健康を守るべき医療職であるにも関わらず、不適切な対応をいたしましたこと
をお詫び申し上げます。個人の健康管理、咳エチケット、マスクの着用について指導し
てまいります。ご指摘ありがとうございます。
・ポータブルトイレ付の患者と、動ける患者を同室にするのもおかしい。
（回答）ご不快な思いをさせてしまったことをお詫びいたします。治療や患者さんの身
体症状により病室の決定をしております。共同生活のご協力をお願いするとともに、最
大限の環境調整を心がけてまいります。ご指摘ありがとうございます。
・看護補助の無駄口、大きな声、言葉遣いに対してのクレーム
（回答）この度は、看護補助者の態度で大変不愉快な思いをおかけしまして、申し訳あ
りませんでした。現在、患者さんの日常生活援助が充足出来るよう、各病棟、看護補助
者を増員しております。
採用後は、ケアの技術だけでなく接遇に関しても指導を実施しておりますが、まだまだ、
指導が十分に行き届かず、ご迷惑をおかけしているのが現状かと存じます。今後、この
ような事が無いよう、引き続き指導を行って参りたいと思います。
・看護師の教育が必要
（回答）看護師の不適切な応対がありましたことをお詫び申し上げます。どのような状
況だったのかは判断しかねますが、患者さんの質問や要望に的確に返答できなかったの
ではないかと考え、今後はこのように感じられることがないように努力いたします。
・治療台の車、音のしないものはないのか？
（回答）安静に静養されている環境を提供するべきところを、不快な思いをされたこと
をお詫びいたします。治療台の車輪部分の点検や清掃を定期的に行うこと、また持ち運
びを丁寧、かつ静かにすることを看護スタッフに教育してまいります。ご指摘ありがと
うございます。
・お世話になっております。受診の時に血圧を各自で測るのですが、朝の時間には大変
混み合います。後ろに多くの人が待っておられ、焦ります。また、不整脈の者は何回も
測らなければなりませんので、時間がかかります。もう1 台血圧計の設置をお願いいた
します。よろしくお願い申し上げます。
（回答）血圧計の設置場所のご案内が不十分でした。お詫び申し上げます。現在、２ヵ
所設置しております。外来平面図にてご覧いただけるように案内します。血圧計の場所
を表示するとともに、患者さんにも案内させていただきます。測定出来ないでお困りの
方がないように、スタッフ教育を行っていきます。ご指摘ありがとうございました。
以上
現在、検討中の事柄については、関係部署により調整を行っています。
担当：患者及び利用者サービス向上推進委員会",OK,「ご意見箱」便 No.1（2013年4月回収分）,https://www.sasayama.hyo-med.ac.jp/library/consultation/pdf/opinion1H2504.pdf,C:\Users\harmo\my_project\sasayama\opinionbox_export\pdfs\opinion1H2504.pdf
